-- phpMyAdmin SQL Dump
-- version 5.2.0
-- https://www.phpmyadmin.net/
--
-- Servidor: database
-- Tiempo de generación: 07-11-2022 a las 00:38:09
-- Versión del servidor: 5.7.40
-- Versión de PHP: 8.0.19

SET SQL_MODE = "NO_AUTO_VALUE_ON_ZERO";
START TRANSACTION;
SET time_zone = "+00:00";


/*!40101 SET @OLD_CHARACTER_SET_CLIENT=@@CHARACTER_SET_CLIENT */;
/*!40101 SET @OLD_CHARACTER_SET_RESULTS=@@CHARACTER_SET_RESULTS */;
/*!40101 SET @OLD_COLLATION_CONNECTION=@@COLLATION_CONNECTION */;
/*!40101 SET NAMES utf8mb4 */;

--
-- Base de datos: `ci_app`
--

-- --------------------------------------------------------

--
-- Estructura de tabla para la tabla `Alternatives`
--

CREATE TABLE `Alternatives` (
  `idalternative` int(50) NOT NULL,
  `Alternative` varchar(250) NOT NULL,
  `Correct` int(20) NOT NULL,
  `Question_id` int(50) NOT NULL
) ENGINE=InnoDB DEFAULT CHARSET=latin1;

--
-- Volcado de datos para la tabla `Alternatives`
--

INSERT INTO `Alternatives` (`idalternative`, `Alternative`, `Correct`, `Question_id`) VALUES
(1, 'Reunión de seguimiento, planning , retrospectiva , status de proyecto', 0, 1),
(2, 'Sprint,Planning,Daily,Review,Retrospectiva', 1, 1),
(3, 'Reunión de seguimiento, Daily , Planning, Reposición', 0, 1),
(4, 'Ninguna de las anteriores', 0, 1),
(5, 'Habilitar los pilares vitales de transparencia e inspección. Crear regularidad y minimizar la necesidad de reuniones no definidas en Scrum. Todos son bloques de tiempo (Time-box)', 0, 2),
(6, 'Habilitar los pilares vitales de transparencia e inspección. No crear regularidad y minimizar la necesidad de reuniones no definidas en Scrum. Todos son bloques de tiempo (Time-box)', 0, 2),
(7, 'Habilitar los pilares vitales de transparencia e inspección. Crear regularidad y minimizar la necesidad de reuniones no definidas en Scrum. Algunos son bloques de tiempo (Time-box)', 0, 2),
(8, 'No habilitar los pilares vitales de transparencia e inspección. Crear regularidad y minimizar la necesidad de reuniones no definidas en Scrum. Algunos son bloques de tiempo (Time-box)', 1, 2),
(9, 'Product Owner', 0, 3),
(10, 'Project Manager', 0, 3),
(11, 'Development team', 0, 3),
(12, 'Scrum Master', 0, 3),
(13, 'Todas Las Anteriores', 1, 3),
(14, 'Verdadero', 0, 4),
(15, 'Falso', 1, 4);

-- --------------------------------------------------------

--
-- Estructura de tabla para la tabla `Answers`
--

CREATE TABLE `Answers` (
  `idanswers` int(250) NOT NULL,
  `exam_id` int(200) NOT NULL,
  `question_id` int(200) NOT NULL,
  `alternative_id` int(200) NOT NULL,
  `user_id` int(11) NOT NULL,
  `DateCreated` datetime NOT NULL DEFAULT CURRENT_TIMESTAMP,
  `DateUpdated` datetime DEFAULT NULL ON UPDATE CURRENT_TIMESTAMP
) ENGINE=InnoDB DEFAULT CHARSET=latin1;

--
-- Volcado de datos para la tabla `Answers`
--

INSERT INTO `Answers` (`idanswers`, `exam_id`, `question_id`, `alternative_id`, `user_id`, `DateCreated`, `DateUpdated`) VALUES
(2, 1, 1, 2, 1, '2022-11-04 19:21:56', NULL),
(3, 1, 1, 1, 1, '2022-11-04 19:21:56', NULL),
(4, 1, 1, 3, 1, '2022-11-04 19:21:56', NULL),
(5, 1, 1, 6, 1, '2022-11-04 19:21:56', NULL),
(6, 1, 1, 7, 1, '2022-11-04 19:21:56', NULL),
(7, 1, 1, 2, 1, '2022-11-04 19:21:56', NULL),
(8, 1, 1, 6, 1, '2022-11-04 19:21:56', NULL),
(9, 1, 1, 6, 1, '2022-11-04 19:21:56', NULL),
(10, 1, 1, 6, 1, '2022-11-04 19:21:56', NULL),
(11, 1, 1, 2, 1, '2022-11-04 19:21:56', NULL),
(12, 1, 2, 5, 1, '2022-11-04 19:21:56', NULL),
(13, 1, 1, 2, 1, '2022-11-04 19:21:56', NULL),
(14, 1, 2, 7, 1, '2022-11-04 19:21:56', NULL),
(15, 1, 1, 2, 1, '2022-11-04 19:21:56', NULL),
(16, 1, 2, 6, 1, '2022-11-04 19:21:56', NULL),
(17, 1, 1, 2, 1, '2022-11-04 19:21:56', NULL),
(18, 1, 2, 7, 1, '2022-11-04 19:21:56', NULL),
(19, 1, 1, 2, 1, '2022-11-04 19:21:56', NULL),
(20, 1, 1, 2, 1, '2022-11-04 19:21:56', NULL),
(21, 1, 1, 2, 1, '2022-11-04 19:21:56', NULL),
(22, 1, 1, 2, 2, '2022-11-04 19:21:56', NULL),
(23, 1, 2, 5, 2, '2022-11-04 19:21:56', NULL),
(24, 1, 1, 1, 3, '2022-11-04 19:21:56', NULL),
(25, 1, 2, 7, 3, '2022-11-04 19:21:56', NULL),
(26, 1, 1, 2, 4, '2022-11-04 19:21:56', NULL),
(27, 1, 2, 5, 4, '2022-11-04 19:21:56', NULL),
(28, 1, 3, 12, 4, '2022-11-04 19:21:56', NULL),
(29, 1, 1, 1, 14, '2022-11-04 19:49:20', NULL),
(30, 1, 1, 1, 15, '2022-11-04 19:51:08', NULL),
(31, 1, 1, 1, 16, '2022-11-04 19:51:42', NULL),
(32, 1, 1, 1, 16, '2022-11-04 19:51:45', NULL),
(33, 1, 2, 6, 16, '2022-11-04 19:51:47', NULL),
(34, 1, 1, 2, 18, '2022-11-04 20:34:40', NULL),
(35, 1, 2, 6, 18, '2022-11-04 20:34:42', NULL),
(36, 1, 1, 1, 19, '2022-11-04 20:35:52', NULL),
(37, 1, 2, 7, 19, '2022-11-04 20:35:59', NULL),
(38, 1, 3, 10, 19, '2022-11-04 20:36:01', NULL),
(39, 1, 1, 1, 22, '2022-11-04 20:39:29', NULL),
(40, 1, 2, 6, 22, '2022-11-04 20:39:30', NULL),
(41, 1, 3, 11, 22, '2022-11-04 20:39:32', NULL),
(42, 1, 1, 3, 23, '2022-11-06 18:17:18', NULL),
(43, 1, 2, 6, 23, '2022-11-06 18:17:19', NULL),
(44, 1, 3, 11, 23, '2022-11-06 18:17:22', NULL),
(45, 1, 1, 1, 24, '2022-11-06 19:08:44', NULL),
(46, 1, 2, 6, 24, '2022-11-06 19:08:46', NULL),
(47, 1, 3, 12, 24, '2022-11-06 19:09:02', NULL),
(48, 1, 1, 2, 25, '2022-11-06 19:09:48', NULL),
(49, 1, 2, 8, 25, '2022-11-06 19:09:51', NULL),
(50, 1, 3, 9, 25, '2022-11-06 19:09:56', NULL),
(51, 1, 4, 14, 25, '2022-11-06 19:09:58', NULL),
(52, 1, 1, 2, 27, '2022-11-06 19:56:26', NULL),
(53, 1, 2, 6, 27, '2022-11-06 19:56:28', NULL),
(54, 1, 3, 10, 27, '2022-11-06 19:56:30', NULL),
(55, 1, 1, 2, 28, '2022-11-06 19:57:09', NULL),
(56, 1, 2, 6, 28, '2022-11-06 19:57:11', NULL),
(57, 1, 3, 12, 28, '2022-11-06 19:57:13', NULL),
(58, 1, 1, 2, 29, '2022-11-06 19:57:47', NULL),
(59, 1, 2, 7, 29, '2022-11-06 19:57:49', NULL),
(60, 1, 3, 9, 29, '2022-11-06 19:57:52', NULL),
(61, 1, 1, 2, 30, '2022-11-06 19:59:59', NULL),
(62, 1, 2, 5, 30, '2022-11-06 20:00:00', NULL),
(63, 1, 3, 11, 30, '2022-11-06 20:00:02', NULL),
(64, 1, 1, 2, 31, '2022-11-06 20:00:34', NULL),
(65, 1, 2, 7, 31, '2022-11-06 20:00:37', NULL),
(66, 1, 3, 9, 31, '2022-11-06 20:00:39', NULL),
(67, 1, 1, 2, 32, '2022-11-06 20:01:43', NULL),
(68, 1, 2, 8, 32, '2022-11-06 20:01:46', NULL),
(69, 1, 3, 13, 32, '2022-11-06 20:01:51', NULL),
(70, 1, 1, 2, 33, '2022-11-06 20:02:18', NULL),
(71, 1, 2, 8, 33, '2022-11-06 20:02:42', NULL),
(72, 1, 3, 13, 33, '2022-11-06 20:02:58', NULL),
(73, 1, 1, 2, 35, '2022-11-06 20:10:08', NULL),
(74, 1, 2, 8, 35, '2022-11-06 20:10:14', NULL),
(75, 1, 3, 13, 35, '2022-11-06 20:10:19', NULL),
(76, 1, 1, 2, 36, '2022-11-06 20:11:20', NULL),
(77, 1, 2, 8, 36, '2022-11-06 20:11:22', NULL),
(78, 1, 3, 13, 36, '2022-11-06 20:11:24', NULL),
(79, 1, 1, 2, 37, '2022-11-06 20:14:03', NULL),
(80, 1, 2, 8, 37, '2022-11-06 20:14:05', NULL),
(81, 1, 3, 13, 37, '2022-11-06 20:14:06', NULL),
(82, 1, 1, 2, 38, '2022-11-06 20:19:43', NULL),
(83, 1, 2, 8, 38, '2022-11-06 20:19:45', NULL),
(84, 1, 3, 13, 38, '2022-11-06 20:19:47', NULL),
(85, 1, 4, 15, 38, '2022-11-06 20:19:48', NULL),
(86, 1, 1, 2, 39, '2022-11-06 20:21:55', NULL),
(87, 1, 2, 8, 39, '2022-11-06 20:21:58', NULL),
(88, 1, 3, 13, 39, '2022-11-06 20:22:00', NULL),
(89, 1, 4, 15, 39, '2022-11-06 20:22:05', NULL),
(90, 1, 1, 1, 40, '2022-11-06 20:22:14', NULL),
(91, 1, 2, 8, 40, '2022-11-06 20:22:18', NULL),
(92, 1, 3, 13, 40, '2022-11-06 20:22:19', NULL),
(93, 1, 4, 15, 40, '2022-11-06 20:22:21', NULL),
(94, 1, 1, 4, 41, '2022-11-06 20:22:35', NULL),
(95, 1, 2, 5, 41, '2022-11-06 20:22:39', NULL),
(96, 1, 3, 9, 41, '2022-11-06 20:22:41', NULL),
(97, 1, 4, 14, 41, '2022-11-06 20:22:43', NULL),
(98, 1, 1, 1, 43, '2022-11-06 20:23:43', NULL),
(99, 1, 1, 1, 43, '2022-11-06 20:24:06', NULL),
(100, 1, 1, 4, 43, '2022-11-06 20:24:11', NULL),
(101, 1, 1, 1, 44, '2022-11-06 20:29:00', NULL),
(102, 1, 1, 2, 45, '2022-11-06 20:29:50', NULL),
(103, 1, 1, 4, 45, '2022-11-06 20:29:53', NULL),
(104, 1, 1, 2, 45, '2022-11-06 20:31:00', NULL),
(105, 1, 1, 3, 45, '2022-11-06 20:31:13', NULL),
(106, 1, 1, 3, 45, '2022-11-06 20:31:25', NULL),
(107, 1, 1, 4, 45, '2022-11-06 20:31:32', NULL),
(108, 1, 1, 2, 46, '2022-11-06 20:40:37', NULL),
(109, 1, 1, 7, 47, '2022-11-06 20:44:32', '2022-11-06 20:44:50'),
(110, 1, 1, 13, 48, '2022-11-06 20:44:56', '2022-11-06 20:46:05'),
(111, 1, 1, 6, 49, '2022-11-06 20:47:08', '2022-11-06 20:47:44'),
(112, 1, 1, 6, 50, '2022-11-06 20:48:27', '2022-11-06 20:48:56'),
(113, 1, 1, 6, 51, '2022-11-06 20:50:37', '2022-11-06 20:50:53'),
(114, 1, 2, 6, 51, '2022-11-06 20:50:40', '2022-11-06 20:50:53'),
(115, 1, 3, 11, 51, '2022-11-06 20:50:56', NULL),
(116, 1, 1, 7, 52, '2022-11-06 20:52:01', '2022-11-06 20:52:55'),
(117, 1, 2, 7, 52, '2022-11-06 20:52:30', '2022-11-06 20:52:55'),
(118, 1, 1, 10, 53, '2022-11-06 20:55:18', '2022-11-06 20:55:46'),
(119, 1, 2, 10, 53, '2022-11-06 20:55:24', '2022-11-06 20:55:46'),
(120, 1, 3, 10, 53, '2022-11-06 20:55:37', '2022-11-06 20:55:46'),
(121, 1, 1, 1, 54, '2022-11-06 21:05:52', '2022-11-06 21:06:00'),
(122, 1, 2, 5, 54, '2022-11-06 21:06:03', '2022-11-06 21:06:21'),
(123, 1, 3, 9, 54, '2022-11-06 21:06:22', NULL),
(124, 1, 1, 1, 55, '2022-11-06 21:08:50', NULL),
(125, 1, 2, 5, 55, '2022-11-06 21:08:51', NULL),
(126, 1, 3, 9, 55, '2022-11-06 21:08:52', NULL),
(127, 1, 1, 1, 56, '2022-11-06 21:10:17', NULL),
(128, 1, 2, 5, 56, '2022-11-06 21:10:18', NULL),
(129, 1, 3, 9, 56, '2022-11-06 21:10:19', NULL),
(130, 1, 1, 1, 57, '2022-11-06 21:12:34', NULL),
(131, 1, 2, 5, 57, '2022-11-06 21:12:36', NULL),
(132, 1, 3, 9, 57, '2022-11-06 21:12:37', NULL),
(133, 1, 1, 1, 58, '2022-11-06 21:13:17', NULL),
(134, 1, 2, 5, 58, '2022-11-06 21:13:18', NULL),
(135, 1, 3, 9, 58, '2022-11-06 21:13:21', NULL),
(136, 1, 1, 1, 59, '2022-11-06 21:13:43', NULL),
(137, 1, 2, 5, 59, '2022-11-06 21:14:49', NULL),
(138, 1, 3, 9, 59, '2022-11-06 21:15:03', NULL),
(139, 1, 1, 2, 60, '2022-11-06 21:21:58', NULL),
(140, 1, 1, 2, 66, '2022-11-06 21:52:52', NULL),
(141, 1, 1, 2, 67, '2022-11-06 21:53:36', NULL),
(142, 1, 1, 2, 74, '2022-11-06 22:02:00', NULL),
(143, 1, 1, 2, 75, '2022-11-06 22:03:17', NULL),
(144, 1, 2, 6, 75, '2022-11-06 22:03:22', NULL),
(145, 1, 1, 2, 76, '2022-11-06 22:09:18', NULL),
(146, 1, 1, 3, 77, '2022-11-06 22:10:12', NULL),
(147, 1, 1, 2, 78, '2022-11-06 22:10:48', NULL),
(148, 1, 2, 7, 78, '2022-11-06 22:10:54', NULL),
(149, 1, 3, 12, 78, '2022-11-06 22:11:03', '2022-11-06 22:11:07'),
(150, 1, 4, 14, 78, '2022-11-06 22:11:16', NULL),
(151, 1, 1, 2, 79, '2022-11-06 22:11:58', NULL),
(152, 1, 2, 5, 79, '2022-11-06 22:12:00', NULL),
(153, 1, 3, 12, 79, '2022-11-06 22:12:02', NULL),
(154, 1, 1, 2, 80, '2022-11-06 22:13:44', NULL),
(155, 1, 2, 8, 80, '2022-11-06 22:13:47', NULL),
(156, 1, 3, 12, 80, '2022-11-06 22:13:52', NULL),
(157, 1, 1, 1, 81, '2022-11-06 22:16:19', NULL),
(158, 1, 1, 2, 84, '2022-11-06 22:18:49', NULL),
(159, 1, 2, 6, 84, '2022-11-06 22:18:51', NULL),
(160, 1, 1, 1, 85, '2022-11-06 22:19:19', NULL),
(161, 1, 2, 5, 85, '2022-11-06 22:19:20', NULL),
(162, 1, 1, 1, 86, '2022-11-06 22:21:54', NULL),
(163, 1, 2, 5, 86, '2022-11-06 22:21:56', NULL),
(164, 1, 1, 2, 87, '2022-11-06 22:22:59', NULL),
(165, 1, 1, 1, 88, '2022-11-06 22:29:43', NULL),
(166, 1, 2, 5, 88, '2022-11-06 22:29:44', NULL),
(167, 1, 1, 1, 89, '2022-11-06 22:30:45', NULL),
(168, 1, 2, 5, 89, '2022-11-06 22:30:47', NULL),
(169, 1, 1, 1, 90, '2022-11-06 22:31:20', NULL),
(170, 1, 1, 1, 97, '2022-11-06 23:18:57', NULL),
(171, 1, 1, 1, 98, '2022-11-06 23:20:35', NULL),
(172, 1, 1, 7, 99, '2022-11-06 23:21:32', '2022-11-06 23:21:43'),
(173, 1, 1, 5, 101, '2022-11-06 23:23:06', '2022-11-06 23:23:09'),
(174, 1, 1, 1, 102, '2022-11-06 23:23:32', NULL),
(175, 1, 1, 6, 104, '2022-11-06 23:25:36', '2022-11-06 23:25:47'),
(176, 1, 2, 6, 104, '2022-11-06 23:25:46', NULL),
(177, 1, 1, 6, 105, '2022-11-06 23:29:31', '2022-11-06 23:29:44'),
(178, 1, 2, 6, 105, '2022-11-06 23:29:41', NULL),
(179, 1, 1, 5, 106, '2022-11-06 23:33:11', '2022-11-06 23:34:43'),
(180, 1, 2, 5, 106, '2022-11-06 23:34:24', NULL),
(181, 1, 1, 1, 107, '2022-11-06 23:37:20', NULL),
(182, 1, 2, 5, 107, '2022-11-06 23:37:25', NULL),
(183, 1, 3, 9, 107, '2022-11-06 23:37:31', NULL),
(184, 1, 4, 14, 107, '2022-11-06 23:37:55', NULL),
(185, 1, 1, 1, 108, '2022-11-06 23:40:27', NULL),
(186, 1, 2, 5, 108, '2022-11-06 23:40:28', NULL),
(187, 1, 3, 9, 108, '2022-11-06 23:40:30', NULL),
(188, 1, 4, 14, 108, '2022-11-06 23:40:32', NULL),
(189, 1, 1, 2, 109, '2022-11-06 23:40:44', NULL),
(190, 1, 2, 8, 109, '2022-11-06 23:40:46', NULL),
(191, 1, 3, 13, 109, '2022-11-06 23:40:47', NULL),
(192, 1, 4, 15, 109, '2022-11-06 23:40:49', NULL),
(193, 1, 1, 2, 110, '2022-11-06 23:41:45', NULL),
(194, 1, 2, 8, 110, '2022-11-06 23:42:00', NULL),
(195, 1, 3, 13, 110, '2022-11-06 23:42:08', NULL),
(196, 1, 4, 15, 110, '2022-11-06 23:42:10', NULL),
(197, 1, 1, 1, 111, '2022-11-06 23:42:29', NULL),
(198, 1, 2, 8, 111, '2022-11-06 23:42:31', NULL),
(199, 1, 3, 10, 111, '2022-11-06 23:42:32', NULL),
(200, 1, 4, 14, 111, '2022-11-06 23:42:35', NULL),
(201, 1, 1, 4, 114, '2022-11-06 23:43:49', '2022-11-06 23:44:55'),
(202, 1, 2, 7, 114, '2022-11-06 23:45:33', '2022-11-06 23:45:55'),
(203, 1, 1, 1, 120, '2022-11-06 23:53:31', NULL),
(204, 1, 2, 5, 120, '2022-11-06 23:53:33', NULL),
(205, 1, 1, 1, 121, '2022-11-06 23:53:51', NULL),
(206, 1, 2, 6, 121, '2022-11-06 23:54:01', NULL),
(207, 1, 3, 9, 121, '2022-11-06 23:54:05', NULL),
(208, 1, 1, 4, 123, '2022-11-06 23:58:31', '2022-11-06 23:59:03'),
(209, 1, 2, 5, 123, '2022-11-06 23:58:35', '2022-11-06 23:59:07'),
(210, 1, 3, 10, 123, '2022-11-06 23:58:42', '2022-11-06 23:59:10'),
(211, 1, 1, 4, 124, '2022-11-06 23:59:30', NULL),
(212, 1, 2, 6, 124, '2022-11-06 23:59:33', NULL),
(213, 1, 3, 13, 124, '2022-11-06 23:59:38', NULL),
(214, 1, 4, 14, 124, '2022-11-06 23:59:43', NULL),
(215, 1, 1, 1, 126, '2022-11-07 00:09:36', NULL),
(216, 1, 2, 5, 126, '2022-11-07 00:09:42', NULL),
(217, 1, 3, 10, 126, '2022-11-07 00:09:48', NULL),
(218, 1, 1, 1, 127, '2022-11-07 00:10:24', NULL),
(219, 1, 1, 1, 129, '2022-11-07 00:11:13', NULL),
(220, 1, 1, 2, 144, '2022-11-07 00:21:44', NULL);

-- --------------------------------------------------------

--
-- Estructura de tabla para la tabla `ci_sessions`
--

CREATE TABLE `ci_sessions` (
  `id` varchar(40) NOT NULL,
  `ip_address` varchar(45) NOT NULL,
  `timestamp` int(10) UNSIGNED NOT NULL DEFAULT '0',
  `data` blob NOT NULL
) ENGINE=InnoDB DEFAULT CHARSET=latin1;

--
-- Volcado de datos para la tabla `ci_sessions`
--

INSERT INTO `ci_sessions` (`id`, `ip_address`, `timestamp`, `data`) VALUES
('9c7fa4e0375c13828453e38edce055b18f8e8efc', '172.19.0.1', 1667773155, 0x5f5f63695f6c6173745f726567656e65726174657c693a313636373737333135353b6964757365727c693a38343b69647175657374696f6e7c693a323b69646578616d7c733a313a2231223b636f756e745175657374696f6e737c693a343b),
('1f083e07987b66b9ee0bf0c12002fd1a59b8d454', '172.19.0.1', 1667773779, 0x5f5f63695f6c6173745f726567656e65726174657c693a313636373737333737393b6964757365727c693a38373b69647175657374696f6e7c693a313b69646578616d7c733a313a2231223b636f756e745175657374696f6e737c693a343b),
('36da1331e3cc8b877ce2ebf0df0307c8e2df4f63', '172.19.0.1', 1667776231, 0x5f5f63695f6c6173745f726567656e65726174657c693a313636373737363233313b6964757365727c693a39303b69647175657374696f6e7c693a313b69646578616d7c733a313a2231223b636f756e745175657374696f6e737c693a343b),
('790a01a8f94aeeabcf07b78e0e260313c73e2e26', '172.19.0.1', 1667776732, 0x5f5f63695f6c6173745f726567656e65726174657c693a313636373737363733323b6964757365727c693a39363b69647175657374696f6e7c733a313a2231223b69646578616d7c733a313a2231223b636f756e745175657374696f6e737c693a343b),
('47f4619ddb49959f4157cd4228111801c2888acd', '172.19.0.1', 1667777091, 0x5f5f63695f6c6173745f726567656e65726174657c693a313636373737373039313b6964757365727c693a3130323b69647175657374696f6e7c693a323b69646578616d7c733a313a2231223b636f756e745175657374696f6e737c693a343b),
('c6144f88d0205813174e70cc6859942f1faedfb9', '172.19.0.1', 1667777394, 0x5f5f63695f6c6173745f726567656e65726174657c693a313636373737373339343b6964757365727c693a3130353b69647175657374696f6e7c693a313b69646578616d7c733a313a2231223b636f756e745175657374696f6e737c693a343b),
('b73b032e700c20d82011d4cc60e0221b3f20ef40', '172.19.0.1', 1667777835, 0x5f5f63695f6c6173745f726567656e65726174657c693a313636373737373833353b6964757365727c693a3130363b69647175657374696f6e7c693a313b69646578616d7c733a313a2231223b636f756e745175657374696f6e737c693a343b),
('381053275396dc4f74102b7ab4b1c6d51edb763c', '172.19.0.1', 1667778138, 0x5f5f63695f6c6173745f726567656e65726174657c693a313636373737383133383b6964757365727c693a3131303b69647175657374696f6e7c693a333b69646578616d7c733a313a2231223b636f756e745175657374696f6e737c693a343b),
('68b6b53bf5784a125e575b38614f13b993af3ad1', '172.19.0.1', 1667778439, 0x5f5f63695f6c6173745f726567656e65726174657c693a313636373737383433393b6964757365727c693a3131373b69647175657374696f6e7c693a343b69646578616d7c733a313a2231223b636f756e745175657374696f6e737c693a343b),
('a79f6d83a1a91ebcd70ab828e5269637e2e334fa', '172.19.0.1', 1667778756, 0x5f5f63695f6c6173745f726567656e65726174657c693a313636373737383735363b6964757365727c693a3131383b69647175657374696f6e7c693a313b69646578616d7c733a313a2231223b636f756e745175657374696f6e737c693a343b),
('8c64970fd34434b54274ff94402f3270f9a0dde0', '172.19.0.1', 1667779057, 0x5f5f63695f6c6173745f726567656e65726174657c693a313636373737393035373b6964757365727c693a3132323b69647175657374696f6e7c693a323b69646578616d7c733a313a2231223b636f756e745175657374696f6e737c693a343b),
('1f7846b2d72eff020bda448bbd4ad6a69a03c24e', '172.19.0.1', 1667779727, 0x5f5f63695f6c6173745f726567656e65726174657c693a313636373737393732373b6964757365727c693a3132343b69647175657374696f6e7c693a343b69646578616d7c733a313a2231223b636f756e745175657374696f6e737c693a343b),
('247b1aa4d6affd83e96bb226723ecfdc1d0cdf50', '172.19.0.1', 1667780047, 0x5f5f63695f6c6173745f726567656e65726174657c693a313636373738303034373b6964757365727c693a3133323b69647175657374696f6e7c733a313a2231223b69646578616d7c733a313a2231223b636f756e745175657374696f6e737c693a343b),
('07b98adc226b5d2404b3cd5b35d59822e3037785', '172.19.0.1', 1667780350, 0x5f5f63695f6c6173745f726567656e65726174657c693a313636373738303335303b6964757365727c693a3134323b69647175657374696f6e7c733a313a2231223b69646578616d7c733a313a2231223b636f756e745175657374696f6e737c693a343b),
('3a5ce628713d2b12b8201d2e5cd7452d31deb425', '172.19.0.1', 1667780671, 0x5f5f63695f6c6173745f726567656e65726174657c693a313636373738303637313b6964757365727c693a3134363b69647175657374696f6e7c733a313a2231223b69646578616d7c733a313a2231223b636f756e745175657374696f6e737c693a343b),
('91e1444bb68a695b436f9bce4411d7d5d192dac4', '172.19.0.1', 1667781254, 0x5f5f63695f6c6173745f726567656e65726174657c693a313636373738313235343b6964757365727c693a3135303b69647175657374696f6e7c693a323b69646578616d7c733a313a2231223b636f756e745175657374696f6e737c693a343b),
('589216e736335e46706cbd4afa3851c54437092e', '172.19.0.1', 1667781471, 0x5f5f63695f6c6173745f726567656e65726174657c693a313636373738313235343b6964757365727c693a3135333b69647175657374696f6e7c693a323b69646578616d7c733a313a2231223b636f756e745175657374696f6e737c693a343b);

-- --------------------------------------------------------

--
-- Estructura de tabla para la tabla `Exam`
--

CREATE TABLE `Exam` (
  `idexam` int(200) NOT NULL,
  `name` varchar(250) NOT NULL,
  `descript` varchar(250) NOT NULL,
  `string_exam` text NOT NULL
) ENGINE=InnoDB DEFAULT CHARSET=latin1;

--
-- Volcado de datos para la tabla `Exam`
--

INSERT INTO `Exam` (`idexam`, `name`, `descript`, `string_exam`) VALUES
(1, 'Curso Scrum Master', 'Examen para certificación Scrum Foundation Certiprof', 'scrum'),
(2, 'Curso Product Owner', 'Test para Candidatos a Product Owners', 'po'),
(3, 'Certificacion OKR', 'Test para Certificacion de OKR', 'okr');

-- --------------------------------------------------------

--
-- Estructura de tabla para la tabla `Intents`
--

CREATE TABLE `Intents` (
  `idintent` int(11) NOT NULL,
  `user_id` int(11) NOT NULL,
  `date_intent` datetime NOT NULL DEFAULT CURRENT_TIMESTAMP
) ENGINE=InnoDB DEFAULT CHARSET=latin1;

-- --------------------------------------------------------

--
-- Estructura de tabla para la tabla `Questions`
--

CREATE TABLE `Questions` (
  `idquestion` int(11) NOT NULL,
  `Question` varchar(250) NOT NULL,
  `id_exam` int(50) NOT NULL
) ENGINE=InnoDB DEFAULT CHARSET=latin1;

--
-- Volcado de datos para la tabla `Questions`
--

INSERT INTO `Questions` (`idquestion`, `Question`, `id_exam`) VALUES
(1, 'En Scrum ¿Cuales son los Eventos que se proponen en el marco de trabajo ágil? ', 1),
(2, 'Identifique el enunciado correcto en relación a los eventos de Scrum', 1),
(3, 'En un equipo Scrum (Scrum Team) se encuentran los siguientes roles', 1),
(4, '¿Es cierto que el Product Owner es el encargado de gestionar el progreso del trabajo durante el Sprint?', 1);

-- --------------------------------------------------------

--
-- Estructura de tabla para la tabla `Users`
--

CREATE TABLE `Users` (
  `idUser` int(250) NOT NULL,
  `name` varchar(250) NOT NULL,
  `DateCreated` datetime NOT NULL DEFAULT CURRENT_TIMESTAMP
) ENGINE=InnoDB DEFAULT CHARSET=latin1;

--
-- Volcado de datos para la tabla `Users`
--

INSERT INTO `Users` (`idUser`, `name`, `DateCreated`) VALUES
(1, 'felipe.ojeda19@gmail.com', '2022-11-04 18:45:39'),
(2, '00ed62fff2981bfb88950e05190243b9', '2022-11-04 19:17:23'),
(3, 'e9a4222f7a69fc39309c855f218f3961', '2022-11-04 19:17:56'),
(4, '6dcd0c2a61923176f02a8bb93304eedc', '2022-11-04 19:20:59'),
(5, 'f67d2aa83bae9e61374d4df155a22b16', '2022-11-04 19:42:04'),
(6, '83c25ec58926220b801c6d6bbb0e2df8', '2022-11-04 19:42:25'),
(7, 'f9ebbc93c285de704e126aaee7b51b97', '2022-11-04 19:43:39'),
(8, 'b3a0b676d8579ff045a3156b45c26286', '2022-11-04 19:44:20'),
(9, '5df70c337fc1ed1436e53cc16236213b', '2022-11-04 19:46:10'),
(10, '3a0e278ce7f77a726b849444cdb30321', '2022-11-04 19:46:34'),
(11, 'ca0e8f2a733fcd211ea4e8b5999203e3', '2022-11-04 19:46:50'),
(12, '2a55da216880114bc4153fc66ca85f09', '2022-11-04 19:47:05'),
(13, '854faee89ab13e05c535a4ebdc2931ed', '2022-11-04 19:49:04'),
(14, '11b205283699a2586baeeb76d708a897', '2022-11-04 19:49:15'),
(15, '38d28cd8a785d6212b27ad1761f7fd06', '2022-11-04 19:51:05'),
(16, '90ac05678d1a9f78dadb004365eea5b6', '2022-11-04 19:51:39'),
(17, '2cca04ac1833cf571a13d6bf8cd1b492', '2022-11-04 20:33:37'),
(18, 'e8675d82bf7a1de7d534dce775bcafd6', '2022-11-04 20:34:35'),
(19, '03802bd7d7730762c9ef21825c097a58', '2022-11-04 20:35:47'),
(20, '8843a52ac98877010b0d0e1f867a93c7', '2022-11-04 20:37:25'),
(21, '30a08745899ea6ed0262df6ced8e3a6a', '2022-11-04 20:39:06'),
(22, 'adc45207f14739be7879ff64e65a930e', '2022-11-04 20:39:25'),
(23, 'abea24f9e45f911a25488acf31eedb99', '2022-11-06 18:17:14'),
(24, 'e3841913c1751664e6555fe133a54bb9', '2022-11-06 19:08:40'),
(25, '660fd21798763b812f0108486adc16b1', '2022-11-06 19:09:43'),
(26, '7add426a06c3171ac78bea5c7f70ccaa', '2022-11-06 19:55:54'),
(27, '384690fe9dba38e525e0c45c1bd2022d', '2022-11-06 19:56:21'),
(28, '164d6904f363fbf58b4e22c4ab7a70a2', '2022-11-06 19:57:01'),
(29, 'fd3440f6cf416fecf26d99bc8a6e90e0', '2022-11-06 19:57:43'),
(30, '621aed3bf6e21c9a7ff7e22fb7270feb', '2022-11-06 19:59:56'),
(31, '3ee23e070ba2a473f7c4de6018453a93', '2022-11-06 20:00:31'),
(32, '725f435f752909abec015283dc9e0c1a', '2022-11-06 20:01:39'),
(33, 'c11593e88ca0ebe0d4b62deb7ec081fe', '2022-11-06 20:02:14'),
(34, '50f56027aefa52ea2854ecdf589b51af', '2022-11-06 20:09:28'),
(35, 'd99e3cc37beb05997e01a322d55819bf', '2022-11-06 20:10:04'),
(36, '8bb678e0071c7f4d81f61d929d94e459', '2022-11-06 20:11:17'),
(37, 'c6e864291e36883e33d2193e560e1484', '2022-11-06 20:14:00'),
(38, '6204f6d17786d052cd75c138243cc45b', '2022-11-06 20:19:39'),
(39, '409f12e421dee2cd3e2f3a89c42e8e51', '2022-11-06 20:21:44'),
(40, '69fe1d3756eeff47588b69922addffb6', '2022-11-06 20:22:10'),
(41, 'd22427797532c59eead470dba105b958', '2022-11-06 20:22:28'),
(42, '75b01fc8a5b2176bdef861287b5122da', '2022-11-06 20:22:52'),
(43, '794706c2048bcbb7858498751e044fbb', '2022-11-06 20:23:39'),
(44, '2dbf806743960cc1b1ee320b7cc53baf', '2022-11-06 20:28:57'),
(45, 'c62d041fbc2eb8b1ea359178ae4746ba', '2022-11-06 20:29:47'),
(46, '33973874d9a1f90e72676a23702e131a', '2022-11-06 20:40:34'),
(47, '2a1cdfb2fabbda15601643e91881c12c', '2022-11-06 20:44:28'),
(48, 'd0eb3c34fb4d465909a44a523b6047e8', '2022-11-06 20:44:54'),
(49, '4bcf063a622f7ca5404318e0894faf90', '2022-11-06 20:47:05'),
(50, 'fb4d01b9d2ab70f6449957b52a7b9c4f', '2022-11-06 20:48:24'),
(51, '391fa7d6b4c6215565611f32b9d622dc', '2022-11-06 20:50:34'),
(52, '6b894547b968c1bfe131111d59f81d99', '2022-11-06 20:51:59'),
(53, '5fef87e35e52391ca09077051022ff54', '2022-11-06 20:55:12'),
(54, '0c2e971773ecab1f4bd89fa596ddcffd', '2022-11-06 21:05:48'),
(55, '2ec6dddf126d89c9ed273fb04c53b793', '2022-11-06 21:08:48'),
(56, 'ffbf9a587e94b739e94c1bfc8c079c0e', '2022-11-06 21:10:14'),
(57, 'fe23a8c4ef6fe3763ec74d7f5fee570c', '2022-11-06 21:12:31'),
(58, '03f1d240c4b035d36ad704c1e6486c2f', '2022-11-06 21:13:14'),
(59, 'dfba03629bf1240deff9910cf9f3780c', '2022-11-06 21:13:39'),
(60, 'c26807e41dd9487a682fd66552e006e4', '2022-11-06 21:21:39'),
(61, 'f22cd4fbec99e683131f3c48259c2933', '2022-11-06 21:48:44'),
(62, 'd3810c035cb77ca672ceb853ae7375dd', '2022-11-06 21:49:28'),
(63, '55b09a4ce878e587b649dbc51a8a9577', '2022-11-06 21:51:29'),
(64, '711c036f4d51e458dd178f7d2497ee9d', '2022-11-06 21:51:53'),
(65, '0dd3863983d50de8c8880089ea44b970', '2022-11-06 21:52:42'),
(66, '4c9830f97cfaa7614c813b9bb1e61161', '2022-11-06 21:52:44'),
(67, 'dbd2a2ad176d2fb19e0629244b2bec24', '2022-11-06 21:53:33'),
(68, '862bbe12157f7fa293808f631e4b5be3', '2022-11-06 21:54:53'),
(69, 'a913848c54c0e28326b2f28c1a680372', '2022-11-06 21:58:48'),
(70, '80b2a97b25698552272cc591ebd03bb0', '2022-11-06 21:59:04'),
(71, '7af990417e21af0236b3da7745e6104a', '2022-11-06 22:00:09'),
(72, 'f55f7bae38f72424e37574281695b165', '2022-11-06 22:00:54'),
(73, 'a1628058097506269ed6bd05b90738d1', '2022-11-06 22:01:29'),
(74, '96dfa71e11bdd462e2a21ea48b1caa28', '2022-11-06 22:01:55'),
(75, 'cc00ba3321b4a0af1710ac6265e63876', '2022-11-06 22:03:14'),
(76, '1ec686501787799c5ce85748a447b6d7', '2022-11-06 22:09:10'),
(77, '8fc6e39633d6d29153874903df495219', '2022-11-06 22:10:06'),
(78, '43ef6a07b0690e6a1a69c98c0b3799e7', '2022-11-06 22:10:44'),
(79, 'f7c8c14f14c774b1ba77b099a7e68a97', '2022-11-06 22:11:55'),
(80, 'c47ff14f469e1bf5b41b4b076bc9bcae', '2022-11-06 22:13:41'),
(81, '6713ac9227a8e5ca5bf138aa9934378b', '2022-11-06 22:16:16'),
(82, '494d9f8eb16cc02f3bae02877a579346', '2022-11-06 22:17:06'),
(83, '1c134c3f4bed058b90def0d2508cdda0', '2022-11-06 22:17:26'),
(84, '835306000581f8be20133b9546549c2d', '2022-11-06 22:18:46'),
(85, '7785d513dee8deec8b0ab5bd438b62d3', '2022-11-06 22:19:16'),
(86, 'de7b85965b6bf54250cf035a1b2815ad', '2022-11-06 22:21:52'),
(87, '137572cfc047876311e89796100a9b66', '2022-11-06 22:22:56'),
(88, '20d687b91cac14b456d40ece7ba051be', '2022-11-06 22:29:40'),
(89, 'f709af0dbd22a0c8694ea5188b412096', '2022-11-06 22:30:42'),
(90, '59a64b11311af961ed380ea20f570f56', '2022-11-06 22:31:17'),
(91, '39e40f70e6e669b91beaf8a7dfc6d81c', '2022-11-06 23:10:32'),
(92, '9d5ccdf7d4354642cf5f66bea72a1e19', '2022-11-06 23:11:38'),
(93, '1d8060430c191a8c530a52f93a7be387', '2022-11-06 23:12:13'),
(94, 'a1f4ae0d04fa7b2ce5fae8ebdcc4def0', '2022-11-06 23:12:29'),
(95, '9c923905333beaf232746c29cf27bbb4', '2022-11-06 23:14:25'),
(96, 'c61133e7f711bbd74804b56c3de30d97', '2022-11-06 23:15:14'),
(97, 'e5dfdf117f2fd0e646a6b44f7480c4b9', '2022-11-06 23:18:53'),
(98, '41b3eaa9751b6e347c67e0a0fd036930', '2022-11-06 23:20:33'),
(99, '73a6584bd766ae6d4a84503d7d33e0c0', '2022-11-06 23:21:29'),
(100, '0557251373560aeb0872befb938fa075', '2022-11-06 23:22:54'),
(101, '5de1753984eff46ce69d8f8998f94a15', '2022-11-06 23:23:04'),
(102, '782dbdf347083a2f21a8a8b7f6b02a27', '2022-11-06 23:23:30'),
(103, '8e5b8f1f258fa38b3fa935d23f3a7717', '2022-11-06 23:24:52'),
(104, '87bb51ddacea8b2904f5499c9f52a47c', '2022-11-06 23:25:34'),
(105, '069de801bf6efa12306f4c6def77e53f', '2022-11-06 23:29:23'),
(106, '6f62f0a3b4241600f20dfcf29412a1c0', '2022-11-06 23:33:06'),
(107, '6b1d105c0ebd7dac4c6beaec58338b89', '2022-11-06 23:37:16'),
(108, '0f0e278ad57ff26734ebf41134a102be', '2022-11-06 23:40:24'),
(109, '30ee562d34113d92f682124088d87835', '2022-11-06 23:40:41'),
(110, '21e733f01a86a1a25097f37c232e4444', '2022-11-06 23:41:34'),
(111, '29215e649206639e38599866cbcd3ae2', '2022-11-06 23:42:26'),
(112, '480d04dd92e784c003392bf801278c7c', '2022-11-06 23:42:47'),
(113, '2ce3140a4efe753b3f0826c8c573bc80', '2022-11-06 23:43:00'),
(114, 'e5c0e842629bd69cecb68d0a40fbe349', '2022-11-06 23:43:44'),
(115, '802e64ef492f4ca7c6eebc8da82e97ed', '2022-11-06 23:46:27'),
(116, '474c1d7382a63935e3f021e8e323f669', '2022-11-06 23:46:52'),
(117, 'a31b929145831059b9ffaae066a59b2a', '2022-11-06 23:47:04'),
(118, '26e683c449adc282374a0fbf63b648e4', '2022-11-06 23:51:25'),
(119, '5d5f577af8a4a01bd5d8ada51469d236', '2022-11-06 23:52:37'),
(120, '4ca93c5a8dc15d651bc59430689c88a0', '2022-11-06 23:53:28'),
(121, 'f424e426a8fbe1c3b1cb57b25ad9b7bb', '2022-11-06 23:53:49'),
(122, '8a69da872f601adcfcb45cbddc396df2', '2022-11-06 23:57:34'),
(123, '5aa592e48548fb408c9df73b6a041d3f', '2022-11-06 23:57:48'),
(124, '8b0b98e9ec403cb0366492462e6ee7d5', '2022-11-06 23:59:23'),
(125, 'f3fe9e30ed2b10f68f1a4085f5b198c7', '2022-11-07 00:08:49'),
(126, '1a9f896aba9ba754325e3c646a454790', '2022-11-07 00:09:29'),
(127, 'c81004f16889c7d20d74ffd1a1fdfc03', '2022-11-07 00:10:14'),
(128, 'b03bed8172beca603cc7323cb972a39b', '2022-11-07 00:10:49'),
(129, 'f69a4c796a6fa3f793b4283762c5db9c', '2022-11-07 00:11:10'),
(130, 'cea77e3b80d5db0661e00258bc80bf1f', '2022-11-07 00:11:51'),
(131, 'd565a43b50022cf17ebf9901a47a8cea', '2022-11-07 00:12:09'),
(132, '3427824dd797706c4d01620227779fba', '2022-11-07 00:12:25'),
(133, '1f52e313a41c18d69f6a599bd51f7708', '2022-11-07 00:14:08'),
(134, '1e27e905334de6a6360db2f2854614d6', '2022-11-07 00:15:03'),
(135, 'a5bcb5ffbcaf659561c3337e065c9e86', '2022-11-07 00:15:34'),
(136, 'c8ac2c8b8f6f94d86e7966bfd355d39b', '2022-11-07 00:16:43'),
(137, '3b816f181588cccbea153a3b21692ee8', '2022-11-07 00:16:56'),
(138, '1d788ee567e54890dd9d39b963402aec', '2022-11-07 00:17:09'),
(139, 'b26bd46661f7ece6b1afbba7f07aaf44', '2022-11-07 00:17:34'),
(140, '81bf82fa58374715f3cfd04f2ed41ebb', '2022-11-07 00:17:52'),
(141, '856d75fb78e96e3d650b80687c5b625a', '2022-11-07 00:18:26'),
(142, '4fcadd2d45ad4c64278757f7635fd09a', '2022-11-07 00:18:55'),
(143, 'c04c8e75db5bc89de22db6e4ff5f474b', '2022-11-07 00:19:14'),
(144, '3154d7f8f1ea924306f6cc02ff4a8ca5', '2022-11-07 00:21:37'),
(145, '8b6aa6e3470a9827502773c1a92e3566', '2022-11-07 00:22:23'),
(146, '1f186a836a527a592dfdff312d55fedf', '2022-11-07 00:24:04'),
(147, 'ef8f838ed42dc3a58ddad35be69193f7', '2022-11-07 00:24:32'),
(148, 'ef5f3f775a271204a18ebe31217c1ca3', '2022-11-07 00:24:36'),
(149, 'b4abff166ba0df2f41bc84d50c784756', '2022-11-07 00:24:37'),
(150, '952d1ce362e90682f895c9bca2cf2783', '2022-11-07 00:27:23'),
(151, 'd2af24b3da0ed0d3579d1a79381b6f7c', '2022-11-07 00:34:15'),
(152, '6b2572288239da5cd9208640414007b8', '2022-11-07 00:34:42'),
(153, 'beb8bfcc970d997cec140d0cc9a25e45', '2022-11-07 00:37:47');

--
-- Índices para tablas volcadas
--

--
-- Indices de la tabla `Alternatives`
--
ALTER TABLE `Alternatives`
  ADD PRIMARY KEY (`idalternative`),
  ADD KEY `Question_id` (`Question_id`);

--
-- Indices de la tabla `Answers`
--
ALTER TABLE `Answers`
  ADD PRIMARY KEY (`idanswers`),
  ADD KEY `exam_id` (`exam_id`),
  ADD KEY `question_id` (`question_id`),
  ADD KEY `alternative_id` (`alternative_id`),
  ADD KEY `user_id` (`user_id`);

--
-- Indices de la tabla `ci_sessions`
--
ALTER TABLE `ci_sessions`
  ADD KEY `ci_sessions_timestamp` (`timestamp`);

--
-- Indices de la tabla `Exam`
--
ALTER TABLE `Exam`
  ADD PRIMARY KEY (`idexam`);

--
-- Indices de la tabla `Intents`
--
ALTER TABLE `Intents`
  ADD PRIMARY KEY (`idintent`);

--
-- Indices de la tabla `Questions`
--
ALTER TABLE `Questions`
  ADD PRIMARY KEY (`idquestion`),
  ADD KEY `id_exam` (`id_exam`);

--
-- Indices de la tabla `Users`
--
ALTER TABLE `Users`
  ADD PRIMARY KEY (`idUser`);

--
-- AUTO_INCREMENT de las tablas volcadas
--

--
-- AUTO_INCREMENT de la tabla `Alternatives`
--
ALTER TABLE `Alternatives`
  MODIFY `idalternative` int(50) NOT NULL AUTO_INCREMENT, AUTO_INCREMENT=16;

--
-- AUTO_INCREMENT de la tabla `Answers`
--
ALTER TABLE `Answers`
  MODIFY `idanswers` int(250) NOT NULL AUTO_INCREMENT, AUTO_INCREMENT=221;

--
-- AUTO_INCREMENT de la tabla `Exam`
--
ALTER TABLE `Exam`
  MODIFY `idexam` int(200) NOT NULL AUTO_INCREMENT, AUTO_INCREMENT=4;

--
-- AUTO_INCREMENT de la tabla `Intents`
--
ALTER TABLE `Intents`
  MODIFY `idintent` int(11) NOT NULL AUTO_INCREMENT;

--
-- AUTO_INCREMENT de la tabla `Questions`
--
ALTER TABLE `Questions`
  MODIFY `idquestion` int(11) NOT NULL AUTO_INCREMENT, AUTO_INCREMENT=5;

--
-- AUTO_INCREMENT de la tabla `Users`
--
ALTER TABLE `Users`
  MODIFY `idUser` int(250) NOT NULL AUTO_INCREMENT, AUTO_INCREMENT=154;

--
-- Restricciones para tablas volcadas
--

--
-- Filtros para la tabla `Alternatives`
--
ALTER TABLE `Alternatives`
  ADD CONSTRAINT `Alternatives_ibfk_1` FOREIGN KEY (`Question_id`) REFERENCES `Questions` (`idquestion`) ON UPDATE CASCADE;

--
-- Filtros para la tabla `Answers`
--
ALTER TABLE `Answers`
  ADD CONSTRAINT `Answers_ibfk_1` FOREIGN KEY (`exam_id`) REFERENCES `Exam` (`idexam`) ON UPDATE CASCADE,
  ADD CONSTRAINT `Answers_ibfk_2` FOREIGN KEY (`question_id`) REFERENCES `Questions` (`idquestion`) ON UPDATE CASCADE,
  ADD CONSTRAINT `Answers_ibfk_3` FOREIGN KEY (`alternative_id`) REFERENCES `Alternatives` (`idalternative`) ON UPDATE CASCADE,
  ADD CONSTRAINT `Answers_ibfk_4` FOREIGN KEY (`user_id`) REFERENCES `Users` (`idUser`) ON UPDATE CASCADE;

--
-- Filtros para la tabla `Questions`
--
ALTER TABLE `Questions`
  ADD CONSTRAINT `Questions_ibfk_1` FOREIGN KEY (`id_exam`) REFERENCES `Exam` (`idexam`) ON UPDATE CASCADE;
COMMIT;

/*!40101 SET CHARACTER_SET_CLIENT=@OLD_CHARACTER_SET_CLIENT */;
/*!40101 SET CHARACTER_SET_RESULTS=@OLD_CHARACTER_SET_RESULTS */;
/*!40101 SET COLLATION_CONNECTION=@OLD_COLLATION_CONNECTION */;
